<?xml version="1.0" encoding="UTF-8"?>
<project-private xmlns="http://www.netbeans.org/ns/project-private/1">
    <editor-bookmarks xmlns="http://www.netbeans.org/ns/editor-bookmarks/2" lastBookmarkId="0"/>
    <open-files xmlns="http://www.netbeans.org/ns/projectui-open-files/2">
        <group>
            <file>file:/C:/Users/anubh/Documents/NetBeansProjects/Java_Final/src/java_final_/EmailFinal.java</file>
            <file>file:/C:/Users/anubh/Documents/NetBeansProjects/Java_Final/src/java_final_/DonateFinal.java</file>
            <file>file:/C:/Users/anubh/Documents/NetBeansProjects/Java_Final/src/java_final_/GetDonationFinal.java</file>
            <file>file:/C:/Users/anubh/Documents/NetBeansProjects/Java_Final/src/java_final_/AA_MAIN.java</file>
            <file>file:/C:/Users/anubh/Documents/NetBeansProjects/Java_Final/src/java_final_/AdminPanelFinal.java</file>
            <file>file:/C:/Users/anubh/Documents/NetBeansProjects/Java_Final/src/java_final_/SignUpFinal.java</file>
            <file>file:/C:/Users/anubh/Documents/NetBeansProjects/Java_Final/src/java_final_/ProductFinal.java</file>
            <file>file:/C:/Users/anubh/Documents/NetBeansProjects/Java_Final/src/java_final_/AdminLoginFinal.java</file>
            <file>file:/C:/Users/anubh/Documents/NetBeansProjects/Java_Final/src/java_final_/WelcomeFinal.java</file>
            <file>file:/C:/Users/anubh/Documents/NetBeansProjects/Java_Final/src/java_final_/JavaConnection.java</file>
        </group>
    </open-files>
</project-private>
